{"name":"NotePostFlow - Veille IA & Résumés pour Développeurs","short_name":"NotePostFlow","description":"Plateforme tout-en-un pour développeurs : veille technologique RSS, résumés de contenu par IA, et prise de notes Markdown","start_url":"/","display":"standalone","background_color":"#ffffff","theme_color":"#000000","orientation":"portrait-primary","icons":[{"src":"/icon-192x192.png","sizes":"192x192","type":"image/png","purpose":"any maskable"},{"src":"/icon-512x512.png","sizes":"512x512","type":"image/png","purpose":"any maskable"}],"categories":["productivity","utilities","developer tools"],"screenshots":[{"src":"/screenshot-wide.png","sizes":"1280x720","type":"image/png","form_factor":"wide"},{"src":"/screenshot-narrow.png","sizes":"720x1280","type":"image/png","form_factor":"narrow"}]}